Sales Order,Cliente,PO
600123100,W. North,5500079937
600173060,Norton,HITW56870
600173062,Norton,HITW56996
600173053,Norton,HITW56474
600172006,Norton,HITW26900
600173034,Norton,HITW56176
600173038,Norton,HITW56422
600173056,Norton,HITW56665
600173058,Norton,HITW56742
600173059,Norton,HITW56793
600173391,Norton,HITW56739
600114744,Norton,HITW01644
600147248,Norton,HITW71840
600149537,Norton,HITW70391
600114813,Norton,HITW99920
600173388,Norton,HITW56459
600173054,Norton,HITW56605
600173176,Norton,HITW35958
600172167,Norton,HITW35830
600173041,Norton,HITW56453
600117529,Norton,HITW00978
600114858,Norton,HITW00544
600172733,Norton,HITW53017
600173037,Norton,HITW56331
600114745,Norton,HITW00091
600173063,Norton,HITW57591
600136363,Norton,HITW26448
600154459,Norton,HITW78560
600175616,Norton,HITW84129
600168460,Norton,HITW69587
600123287,Norton,HITW01092
600130449,Norton,HITW65340
600125453,Norton,HITW83003
600114609,Norton,HITW95079
600152359,BSOL,5550116968
600146699,BSOL,5550084858
600170900,BSOL,5550084851
600127519,BSOL,5550084969
600128608,BSOL,5550084968
600142131,BSOL,5550084848
600170951,BSOL,5550131551
600170952,BSOL,5550131552
600154700,BSOL,5550116488
600128609,BSOL,5550084976
600170166,Dorfsan,BIMS98163
600154417,W. North,5550122257
600066060,W. North,5500078861
600154704,Rutadec,XIN 96815
600169112,England,QIPD34758
600116782,England,QIPD40606
600123617,Norton,HIUT53839
600168877,GMAN,5550114292
600113268,GMAN,5550038432
600068920,W. North,5550000473
600104674,Rayton,ECK 00434
600125630,Rutadec,XIN 80829
600143490,Rayton CVP,EIMY13754
600104661,Rayton CVP,EIMY13003
600124620,Rayton CVP,EIMY13670
600151999,BSOL,5550105609
600131075,W. North,5550092097
600114843,Norton,HITW00441
600172159,Norton,HITW42778
600172160,Norton,HITW42262
600117880,Norton,HITW00605
600174110,Norton,HITW79443
600175983,Norton,HITW85698
600114732,Norton,HITW00076
600123989,Norton,HITW01831
600052581,Corona,5500059410
600052582,Corona,5500059411
600125931,W. North,5500078179
600116666,Norton,HIUT38691
600152728,Norton,HIUT73101
600152000,BSOL,5550105610
600129493,BSOL,5550084987
600068825,W. North,5500096993
600128149,W. North,5550087931
600117103,Norton,HIUT00347
600117462,Norton,HIUT00445
600117732,Norton,HIUT36467
600078873,Norton,HIUT63971
600149436,W. North,TIRP74221
600173174,Norton,HITW35662
600170949,W. North,5550044780
600154416,W. North,5550122258
600128168,W. North,5550087930
600167580,W. North,5500084659
600155867,Rayton,EIK 14976
600158164,Rayton,EIK 15020
600110718,Kendow,5500058780
600091480,Kendow,5550025638
600153568,W. North,5550119454
600126932,GMAN,5550085619
600126934,GMAN,5550085621
600129856,GMAN,5550090102
600126935,GMAN,5550085622
600126055,GMAN,5550060255
600070755,GMAN,5500033523
600070747,GMAN,5500019077
600114676,GMAN,5550038437
600110481,GMAN,5550058392
600097014,GMAN,5550038462
600123624,GMAN,5550075412
600123625,GMAN,5550075413
600125042,GMAN,5550038675
600124785,GMAN,5550078348
600106168,GMAN,5550052860
600106295,Rutadec,XIN 02834
600106297,Rutadec,XIN 02658
600104657,Rayton CVP,EIMY13006
600126309,Norton,HIUT25944
600114072,Rayton CVP,EIMY13275
600153570,W. North,5550119456
600066094,W. North,5500078387
600104681,Rayton,ECK 00441
600091481,Kendow,5550025637
600112949,GMAN,5550038435
600137351,Rayton CVP,EIMY13768
600118013,Rayton CVP,EIMY13591
600125099,Kendow,5550079631
600155512,Norton,HIUT96429
600140652,Norton,HIUT02385
600151464,Norton,HIUT51931
600155335,Norton,HIUT14210
600123619,Norton,HIUT12918
600155334,Norton,HIUT53930
600141772,Norton,HIUT46936
600065638,Dorfsan,BIMS82205
600065639,Dorfsan,BIMS82209
600122748,Dorfsan,BIMS94449
600122754,Dorfsan,BIMS94455
600122751,Dorfsan,BIMS94452
600122750,Dorfsan,BIMS94451
600122749,Dorfsan,BIMS94450
600168791,England,QIPD31915
600146713,BSOL,5550084989
600146702,BSOL,5550084885
600146704,BSOL,5550084889
600155321,BSOL,5550084886
600127517,BSOL,5550084966
600130102,BSOL,5550084890
600146701,BSOL,5550084884
600127520,BSOL,5550084971
600127521,BSOL,5550084972
600130106,BSOL,5550084863
600154460,BSOL,5550084674
600146708,BSOL,5550084872
600146710,BSOL,5550084874
600152360,BSOL,5550116967
600153095,BSOL,5550116485
600146700,BSOL,5550084878
600170902,BSOL,5550084933
600170521,BSOL,5550084931
600129491,BSOL,5550084852
600155178,BSOL,5550084922
600155174,BSOL,5550084928
600149280,BSOL,5550111708
600114725,Norton,HITW00067
600114688,Norton,HITW00003
600118957,Norton,HITW01600
600175727,Norton,HITW01207
600123694,Norton,HITW00495
600114656,Norton,HITW01129
600114693,Norton,HITW01340
600124924,Norton,HITW34001
600114872,Norton,HITW00629
600114805,Norton,HITW01881
600114758,Norton,HITW00193
600114677,Norton,HITW01256
600114775,Norton,HITW00343
600114712,Norton,HITW01421
600114749,Norton,HITW01674
600114822,Norton,HITW01794
600114767,Norton,HITW00221
600114819,Norton,HITW01767
600123244,Norton,HITW99914
600123250,Norton,HITW00464
600123246,Norton,HITW01247
600123693,Norton,HITW01624
600114667,Norton,HITW01175
600149536,Norton,HITW68984
600148986,Norton,HITW88869
600124052,Norton,HITW01330
600114717,Norton,HITW01506
600116777,Norton,HITW01887
600114675,Norton,HITW01252
600114708,Norton,HITW01423
600114670,Norton,HITW01231
600153591,Norton,HITW01008
600114684,Norton,HITW01318
600114783,Norton,HITW01788
600114700,Norton,HITW01388
600138703,Norton,HIUT71077
600094839,W. North,5550000475
600128145,W. North,5550087927
600098777,W. North,5550043441
600122790,W. North,5500078889
600114696,Norton,HITW01369
600126136,Norton,#N/A
600144645,Norton,#N/A
600179255,Norton,#N/A
600004129,Norton,#N/A
600077011,Norton,#N/A
600177739,England,QIPD58003
600114612,Norton,HITW96341
600114788,Norton,HITW01741
600117878,Norton,HITW00048
600152925,Norton,HIUT36489
600137904,Corona,5550074710
600111359,Rayton,ECK 02023
600143461,Norton,HIUT43492
600172649,W. North,5500078324
600175762,Norton,HIUT91569
600140651,Norton,HIUT41319
600129855,Rayton CVP,EIMY13749
600146709,BSOL,5550084873
600173390,Norton,HITW56719
600144652,Norton,HITW88927
600114812,Norton,HITW99891
600114729,Norton,HITW00069
600173172,Norton,HITW35041
600173173,Norton,HITW35129
600114900,Norton,HITW00760
600114875,Norton,HITW00642
600114777,Norton,HITW99884
600114871,Norton,HITW00623
600150855,BSOL,5550111851
600141073,Dorfsan,BIMS94536
600141048,Dorfsan,BIMS94535
600147735,Dorfsan,BIMS97239
600131280,Norton,HITW61202
600173392,Norton,HITW56798
600173129,Norton,HITW63641
600114678,Norton,HITW01261
600114820,Norton,HITW01782
600155175,BSOL,5550084927
600013707,Norton,#N/A
600112947,Norton,#N/A
600118014,Norton,HITW00444
600125522,Rutadec,XIN 07256
600142265,W. North,5550101048
600142266,W. North,5550101049
600123496,Norton,HIUT06630
600158163,Rayton,EIK 15018
600179245,Dorfsan,BIMS98324
600114754,Norton,HITW00167
600114741,Norton,HITW01638
600143698,Kendow,5550104162
600147249,Norton,HITW72455
600140856,Norton,HITW02780
600171218,Norton,HITW21681
600114898,Norton,HITW00758
600114776,Norton,HITW00344
600147251,Norton,HIUT85704
600124818,Norton,HITW23917
600180517,Kendow,5550138059
600180518,Kendow,5550138060
600078872,W. North,5550006523
600181296,GMAN,5550090103
600078871,W. North,5550006522
600181699,Norton,HIUT97046
600136507,Rayton CVP,EIMY13757
600142267,W. North,5550101050
600114902,Norton,HITW00768
600114761,Norton,HITW01734
600114728,Norton,HITW00068
600114930,Norton,HITW01057
600112948,Norton,#N/A
600141178,Norton,#N/A
600126846,Norton,#N/A
600020603,Norton,#N/A
600169020,Norton,HIUT94953
600181696,England,QIPD69659
600118010,Rayton CVP,EIMY13590
600114904,Norton,HITW00769
600150469,Norton,HITW32008
600017053,Norton,HIUT32003
600114041,Rayton CVP,EIMY13262
600127143,Rayton CVP,EIMY13714
600155177,BSOL,5550084923
600114943,Norton,HITW00631
600127909,BSOL,#N/A
600114874,Norton,HITW00634
600184862,BSOL,5550116968
600169003,Rayton,EIK 14468
600126848,Norton,HIUT01491
600184642,Norton,HIUT74509
600015458,Norton,HIUT17842
600152365,Norton,#N/A
600012421,Norton,#N/A
600177697,Norton,#N/A
600175987,Norton,#N/A
600141796,Arthur,QALL58357
600179181,Rayton,EIK 17881
600183734,W. North,5550119454
600118124,Norton,HIUT20376
600114914,Norton,HITW00894
600152727,Norton,HITW67848
600114935,Norton,HITW01083
600104669,Rayton,ECK 00427
600186333,W. North,5550119455
600184287,Kendow,5550137162
600151595,Norton,HIUT46578
600192445,Norton,HIUT00852
600195768,Norton,HITW40920
600110427,Norton,#N/A
600194551,Norton,#N/A
600193393,W. North,5550119459
600104672,Rayton,ECK 00431
600193394,W. North,5550119457
600194569,W. North,5550086159
600141773,Norton,HIUT53158
600154702,Rayton CVP,EIMY13943
600114760,Norton,HITW00194
600195760,Norton,HITW40513
600198935,BSOL,5550084867
600197875,BSOL,5550084852
600193428,Dorfsan,BIMS98589
600197476,W. North,5550092097
600194606,Rayton CVP,EIMY13990
600111907,Rayton,ECK 02343
600105762,Rayton CVP,EIMY13004
600114809,Norton,HITW99857
600110176,Norton,HIUT07669
600199446,Norton,#N/A
600127142,Rayton CVP,EIMY13715
600122613,Norton,HITW57550
600149538,Norton,HITW58956
600153889,Norton,HITW94070
600183265,Rayton CVP,EIMY14001
600146717,Norton,HITW68912
600114039,Rayton CVP,EIMY13261
600200037,GMAN,5550146624
600203383,Kendow,5550147507
600203872,Dorfsan,BGMS 22298
600200036,GMAN,5550146623
600122746,Dorfsan,BIMS94447
600200996,Norton,HITW84829
600152732,Norton,#N/A
600201449,Norton,#N/A
600017052,Norton,#N/A
600203868,Dorfsan,BGMS 22298
600195766,Norton,HITW40918
600169972,Norton,HITW94738
600114697,Norton,HITW00028
600140854,Norton,HITW04114
600145614,Norton,HITW77909
600114651,Norton,HITW01098
600175758,Norton,HIUT91284
600203379,BSOL,5550148407
600015407,Arthur,QALL49466
600127181,Rutadec,XIN 32356
600065989,Arthur,QALL53015
600154831,Norton,HIUT68042
600203869,Dorfsan,BGMS 22298
600203870,Dorfsan,BGMS 22298
600203871,Dorfsan,BGMS 22298
600200007,Norton,HITW42262
600203386,BSOL,5550148419
600203388,BSOL,5550148417
600206663,Rayton,EIK 21045
600202438,Dorfsan,BIMS99166
600202662,Dorfsan,BGMS22183
600200669,Norton,HIUT38236
600206480,Dorfsan,BGMS22198
600201039,Dorfsan,BGMS22028
600114854,Norton,HITW00529
600206893,Norton,HITW56331
600017547,Norton,#N/A
600114804,Norton,HITW01862
600203387,BSOL,5550148416
600206650,Norton,HITW56474
600206668,Norton,HITW01256
600208265,Service,HIUT79763
600151464,Service,HIUT51931
600017053,Service,HIUT32003
600202667,Preston,FIFM16139
600140650,Service,HIUT66790
600081498,Service,HIUT90192
600206481,Service,HIUT16980
600192350,Service,HIUT11997
600117732,Service,HIUT36467
600208607,Service,HIUT16337
600015888,Service,HIUT11516
600179251,Service,HIUT33201
600208608,Aidin,5500432103
600136437,Norton,HITW30105
600004040,Service,#N/A
600175987,Service,#N/A
600201449,Service,#N/A
600015534,Service,#N/A
600077011,Service,#N/A
600180823,Service,#N/A
600181944,Service,#N/A
600208331,Corona,4550163203
600126048,Service,HIUT17822
600144181,Service,HIUT66438
600177735,Service,HIUT01464
600182974,Service,HIUT27317
600206695,Norton,HITW56640
600114816,Norton,HITW99975
600110574,Service,HIUT31978
600121970,Service,HIUT30528
600020604,Service,HIUT61290
600172464,Service,HIUT48850
600212148,Corona,4550167633
600179255,Service,#N/A
600126846,Service,#N/A
600209345,W. North,5550122257
600154831,Service,HIUT68042
600117977,Service,HIUT45741
600114695,Norton,HITW01366
600146397,Service,HIUT56931
600114861,Norton,HITW00569
600114663,Norton,HITW01201
600154832,Service,#N/A
600209330,Service,#N/A
600141752,Service,HIUT84234
600209947,Service,HIUT78744
600213374,Kendow,5550156447
600215137,Dorfsan,BIMS41802
600215141,Rayton,ECK 22063
600123699,Service,HIUT37510
600152728,Service,HIUT73101
600216069,Dorfsan,BGMS 22989
600214656,Service,HIUT07669
600004129,Service,#N/A
600112948,Service,#N/A
600122615,Service,#N/A
600201636,Service,#N/A
600216126,W. North,5550119453
600216128,W. North,5550119457
600215026,Rayton,EIK 14974
600215135,Rayton,EIK 99030
600138702,Service,HIUT69713
600137359,Rayton CVP,EIMY13770
600126848,Service,HIUT01491
600012421,Service,#N/A
600219756,Dorfsan,BIMS41871
600140859,Norton,HITW02593
600192553,Service,#N/A
600213375,Kendow,5550155338
600153581,Service,HIUT89495
600226193,England,QIPD44650
600225638,Rayton,ECK 19201
600222594,Service,#N/A
600227534,Service,#N/A
600200011,Service,HIUT51523
600123659,Service,HIUT22398
600228186,W. North,5550101049
600229690,Norton,HITW48469
600226458,England,QIPP46569
600227576,GMAN,5550162539
600229691,Service,HIUT55797
600230703,Rayton,EGK  25479
600230704,Rayton,EGK  25479
600229711,Dorfsan,BGMS 24421
600229712,Dorfsan,BGMS 24421
600227533,Service,#N/A
600233515,GMAN,5550132148
600233514,GMAN,5550132144
600153636,Norton,HITW90595
600230066,Service,HIUT78375
600239300,W. North,5550156585
600235419,BSOL,5550185704
600229881,Rayton CVP,EIMY14078
600242230,Service,#N/A
600239492,Dorfsan,BIMS42101
600229978,Rayton CVP,EIMY14081
600243896,Norton,HITW72927
600131076,Norton,HITW56686
600243698,Norton,HITW00978
600248069,Rayton,EIK 28572
600256268,Norton,HITW61930
600258751,BSOL,5550198191
600260206,BSOL,5550201009
600260243,Service,HIUT94858
600261886,Service,HIUT46786
600262786,Rayton,5550203710
600262417,BSOL,5550084886
600269877,ASCM,5501244128
600269868,Service,HIUT94203
600267187,Norton,HITW60928
600267189,Norton,HITW62748
600273559,W. North,5550086160
